"Status","Start Time","Stop Time","Duration in ms","Parent Suite","Suite","Sub Suite","Test Class","Test Method","Name","Description"
"passed","Fri Oct 09 22:47:04 UTC 2026","Fri Oct 09 22:47:05 UTC 2026","600","Phonexi Test Api Suite","Inwarranty Flow Test","com.api.tests.CreateJobApiTest","com.api.tests.CreateJobApiTest","createJobApiTest","Verifying if the Create Job is Able to create In-Warranty jobs","Verifying if the FD is able to create inwarranty jobs via Api"
"passed","Fri Oct 09 22:47:05 UTC 2026","Fri Oct 09 22:47:05 UTC 2026","496","Phonexi Test Api Suite","Inwarranty Flow Test","com.api.tests.SearchApiTest","com.api.tests.SearchApiTest","searchApiTest","Job search Api working verification","Job search Api working verification via Api"
"passed","Fri Oct 09 22:47:00 UTC 2026","Fri Oct 09 22:47:01 UTC 2026","635","Phonexi Test Api Suite","Inwarranty Flow Test","com.api.tests.CountApiTest","com.api.tests.CountApiTest","verifyCountApiResponse","Verifying if the Count Api response is shown correct","Verifying if the job count Details Api response is shown correctly via Api"
"passed","Fri Oct 09 22:47:00 UTC 2026","Fri Oct 09 22:47:00 UTC 2026","604","Phonexi Test Api Suite","Inwarranty Flow Test","com.api.tests.CountApiTest","com.api.tests.CountApiTest","countApi_MissingAuthToken","Verifying if the CountApi is giving correct status code for invalid token",""
"passed","Fri Oct 09 22:46:55 UTC 2026","Fri Oct 09 22:46:58 UTC 2026","3891","Phonexi Test Api Suite","Inwarranty Flow Test","com.api.tests.LoginApiTest","com.api.tests.LoginApiTest","loginApiTest","Verifying if login Api is working for FD user","Verify the FD user is able to login via Api"
"passed","Fri Oct 09 22:46:58 UTC 2026","Fri Oct 09 22:46:59 UTC 2026","1028","Phonexi Test Api Suite","Inwarranty Flow Test","com.api.tests.UserDetailsApiTest","com.api.tests.UserDetailsApiTest","userDetailsApiTest","Verifying if the UserDetails Api response is shown correct","Verifying if the UserDetails Api response is shown correctly via Api"
"passed","Fri Oct 09 22:47:03 UTC 2026","Fri Oct 09 22:47:04 UTC 2026","913","Phonexi Test Api Suite","Inwarranty Flow Test","com.api.tests.MasterApiTest","com.api.tests.MasterApiTest","masterAPITest","Verifying if the MasterApi is giving correct response","Verifying if the MasterApi is giving correct response via Api"
"passed","Fri Oct 09 22:47:02 UTC 2026","Fri Oct 09 22:47:03 UTC 2026","477","Phonexi Test Api Suite","Inwarranty Flow Test","com.api.tests.MasterApiTest","com.api.tests.MasterApiTest","InvalidTokenMasterApi","Verifying if the MasterApi is giving correct status code for invalid token",""
"failed","Fri Oct 09 22:47:01 UTC 2026","Fri Oct 09 22:47:02 UTC 2026","1702","Phonexi Test Api Suite","Inwarranty Flow Test","com.api.tests.DetailsApiTest","com.api.tests.DetailsApiTest","detailApiTest","Verify if details Api work properly","Verifying if the jobDetails Api response is shown correctly via Api"
